{
  "hash": "14b811c1",
  "configHash": "0d7dfd43",
  "lockfileHash": "a5fa0571",
  "browserHash": "2940f431",
  "optimized": {
    "@angular/common": {
      "src": "../../../../../node_modules/@angular/common/fesm2022/common.mjs",
      "file": "@angular_common.js",
      "fileHash": "359c01cf",
      "needsInterop": false
    },
    "@angular/common/http": {
      "src": "../../../../../node_modules/@angular/common/fesm2022/http.mjs",
      "file": "@angular_common_http.js",
      "fileHash": "cd43f4d4",
      "needsInterop": false
    },
    "@angular/core": {
      "src": "../../../../../node_modules/@angular/core/fesm2022/core.mjs",
      "file": "@angular_core.js",
      "fileHash": "46d8ba43",
      "needsInterop": false
    },
    "@angular/forms": {
      "src": "../../../../../node_modules/@angular/forms/fesm2022/forms.mjs",
      "file": "@angular_forms.js",
      "fileHash": "03be0409",
      "needsInterop": false
    },
    "@angular/platform-browser": {
      "src": "../../../../../node_modules/@angular/platform-browser/fesm2022/platform-browser.mjs",
      "file": "@angular_platform-browser.js",
      "fileHash": "b486a7a8",
      "needsInterop": false
    },
    "@angular/platform-server": {
      "src": "../../../../../node_modules/@angular/platform-server/fesm2022/platform-server.mjs",
      "file": "@angular_platform-server.js",
      "fileHash": "aa8af1df",
      "needsInterop": false
    },
    "@angular/router": {
      "src": "../../../../../node_modules/@angular/router/fesm2022/router.mjs",
      "file": "@angular_router.js",
      "fileHash": "a2f3b132",
      "needsInterop": false
    }
  },
  "chunks": {
    "chunk-OAWEFC5Y": {
      "file": "chunk-OAWEFC5Y.js"
    },
    "chunk-OIOAX3RD": {
      "file": "chunk-OIOAX3RD.js"
    },
    "chunk-64RZX3U4": {
      "file": "chunk-64RZX3U4.js"
    },
    "chunk-MVH4IRTM": {
      "file": "chunk-MVH4IRTM.js"
    },
    "xhr2-JDAPKF6S": {
      "file": "xhr2-JDAPKF6S.js"
    },
    "chunk-NQ4HTGF6": {
      "file": "chunk-NQ4HTGF6.js"
    }
  }
}